1.106639839,9.83E-20
1.106639839,7.78E-20
1.106639839,6.41E-20
1.106639839,4.89E-20
1.408450704,1.29E-19
1.710261569,4.30E-19
1.710261569,3.40E-19
1.710261569,2.70E-19
1.710261569,2.22E-19
1.710261569,1.63E-19
2.012072435,5.64E-19
2.3138833,7.40E-19
2.615694165,1.05E-18
2.615694165,8.98E-19
3.822937626,1.05E-18
4.124748491,7.11E-19
4.124748491,9.33E-19
4.426559356,6.09E-19
4.728370221,4.64E-19
5.331991952,5.42E-19
5.633802817,7.39E-19
5.633802817,6.33E-19
6.264861905,8.97E-19
6.862300564,1.13E-18
7.216538669,1.32E-18
7.925014878,1.70E-18
8.562643466,1.98E-18
9.200272055,2.39E-18
9.696205401,3.19E-18
10.28660224,3.71E-18
11.29027687,4.60E-18
12.35299119,4.62E-18
13.97475765,5.12E-18
14.83265792,6.07E-18
16.28503415,7.05E-18
17.31232465,8.68E-18
18.84735644,9.60E-18
20.03995806,1.10E-17
21.56318191,1.26E-17
22.8738629,1.37E-17
24.39708675,1.51E-17
25.81403916,1.62E-17
27.23099158,1.72E-17
28.647944,1.84E-17
30.06489642,1.95E-17
31.48184884,2.07E-17
32.89880126,2.19E-17
34.31575368,2.30E-17
35.7327061,2.38E-17
37.14965851,2.46E-17
38.56661093,2.53E-17
40.04024145,2.61E-17
41.40051577,2.61E-17
42.92373962,2.58E-17
44.35249998,2.59E-17
45.65137303,2.74E-17
47.06832545,2.82E-17
48.48527786,2.87E-17
49.90223028,2.95E-17
51.3191827,3.03E-17
52.73613512,2.93E-17
54.15308754,2.95E-17
55.46376853,3.15E-17
57.06290054,3.09E-17
58.4039448,3.06E-17
59.55521864,2.99E-17
60.94265121,2.68E-17
61.53304805,2.22E-17
63.00904016,2.21E-17
64.46141639,2.32E-17
65.84294499,2.38E-17
67.43701646,3.02E-17
69.13735937,3.46E-17
69.9166832,2.78E-17
70.20007368,2.27E-17
71.56979435,1.81E-17
72.92770709,2.20E-17
73.81330235,2.29E-17
74.42056767,2.61E-17
75.76161193,2.89E-17
77.17856434,3.20E-17
78.59551676,3.33E-17
79.27565392,3.01E-17
79.57746479,2.39E-17
80.48289738,1.97E-17
81.15109166,1.52E-17
82.13789781,1.24E-17
83.37773118,1.32E-17
84.01535976,1.70E-17
84.70612407,2.12E-17
85.68027886,2.58E-17
86.38875507,3.33E-17
87.13265509,4.25E-17
88.15994559,4.99E-17
89.2226599,6.01E-17
90.63961232,6.62E-17
92.05656474,6.81E-17
93.47351716,6.22E-17
94.21741718,5.25E-17
95.24470768,4.53E-17
96.307422,3.82E-17
97.60629505,3.43E-17
99.14132683,3.19E-17
100.5582793,3.33E-17
101.9752317,3.26E-17
103.037946,2.81E-17
104.0652365,2.33E-17
104.7028651,1.86E-17
105.5176127,1.54E-17
106.2260889,1.30E-17
107.1116842,1.19E-17
107.9972795,1.16E-17
108.4274257,1.47E-17
109.0009541,1.78E-17
109.1190334,2.22E-17
109.8038938,2.78E-17
110.5528543,3.48E-17
111.1854224,4.57E-17
112.00017,5.60E-17
113.0451724,5.21E-17
113.5588177,4.29E-17
113.9839034,3.45E-17
114.7278034,2.78E-17
114.9049225,2.32E-17
115.188313,1.64E-17
115.2591606,1.93E-17
115.5425511,1.36E-17
115.8967892,1.13E-17
116.4399543,8.64E-18
116.7276386,6.83E-18
117.0020121,5.41E-18
117.2074702,4.63E-18
117.5617083,3.77E-18
117.9159464,3.05E-18
118.0930654,2.52E-18
118.2701845,2.13E-18
118.5181512,1.70E-18
118.6598464,1.37E-18
119.0849321,1.10E-18
119.297475,8.67E-19
119.5100179,7.26E-19
119.882934,5.91E-19
120.041375,4.96E-19
120.2893417,3.91E-19
120.5727322,3.25E-19
120.7498512,2.71E-19
120.9978179,2.17E-19
121.4229036,1.70E-19
121.7771417,1.34E-19
122.5210417,1.06E-19
123.862086,1.15E-19
124.4693513,1.43E-19
125.0007085,1.90E-19
125.3549466,2.24E-19
125.8154561,2.75E-19
126.0634228,3.36E-19
126.5239323,4.10E-19
127.1615609,5.08E-19
128.1888514,5.90E-19
129.6058038,6.76E-19
131.0227563,6.68E-19
132.4397087,6.31E-19
133.8566611,6.13E-19
135.2736135,5.76E-19
136.6905659,5.44E-19
138.1075183,5.25E-19
139.5244708,5.25E-19
140.9414232,5.25E-19
142.0523139,5.23E-19
142.9577465,5.23E-19
144.1649899,5.23E-19
145.1922804,5.15E-19
146.6092329,5.09E-19
148.0261853,4.89E-19
149.4431377,4.62E-19
150.8600901,4.31E-19
152.1707711,3.89E-19
153.3397569,3.45E-19
154.6504378,3.07E-19
155.1109474,2.79E-19
156.492476,2.51E-19
157.3544554,2.15E-19
158.547057,1.94E-19
159.0075665,1.72E-19
160.0702808,1.50E-19
161.1329952,1.29E-19
162.1957095,1.10E-19
163.2584238,8.99E-20
164.2857143,7.49E-20
165.0650381,6.24E-20
166.0923286,5.16E-20
167.1550429,4.14E-20
168.1823334,3.40E-20
168.9262335,2.87E-20
169.6701335,2.40E-20
170.697424,1.94E-20
171.7247145,1.59E-20
172.4686145,1.30E-20
173.1770907,1.06E-20
173.5313288,8.86E-21
174.4759638,7.15E-21
174.9482812,5.88E-21
175.6567574,4.76E-21
176.3652337,3.79E-21
177.0737099,3.02E-21
177.7821861,2.40E-21
178.8094766,1.93E-21
179.5533766,1.52E-21
180.2618528,1.27E-21
180.970329,1.03E-21
181.3245671,8.66E-22
182.2692021,6.98E-22
182.7415195,5.74E-22
183.4499957,4.65E-22
184.158472,3.76E-22
184.8669482,3.00E-22
185.5754244,2.40E-22
186.2839006,1.93E-22
186.9923768,1.55E-22
187.700853,1.24E-22
188.645488,9.83E-23
189.1178054,8.08E-23
189.8262816,6.64E-23
190.5347578,5.33E-23
191.2432341,4.24E-23
191.9517103,3.36E-23
192.6601865,2.63E-23
193.3686627,2.06E-23
194.0771389,1.59E-23
194.7856151,1.24E-23
195.4940913,9.49E-24
196.2025675,7.28E-24
196.9110437,5.66E-24
197.6195199,4.41E-24
198.3279961,3.38E-24
199.0718962,2.59E-24
199.3907105,2.13E-24
200.0991867,1.71E-24
200.8076629,1.38E-24
201.5161391,1.09E-24
202.5788534,9.03E-25
203.9958058,8.07E-25
205.4127582,7.84E-25
206.8297107,7.84E-25
208.2466631,7.57E-25
209.7698869,7.35E-25
210.9742965,6.80E-25
212.4975203,6.45E-25
213.9144728,6.30E-25
215.3314252,6.12E-25
216.7483776,5.98E-25
218.16533,5.78E-25
219.5822824,5.58E-25
220.9992348,5.42E-25
222.4161873,5.24E-25
223.8331397,5.15E-25
225.2500921,5.03E-25
226.6670445,4.89E-25
228.0839969,4.80E-25
229.5009494,4.64E-25
230.9179018,4.53E-25
232.3348542,4.38E-25
233.7518066,4.23E-25
235.168759,4.06E-25
236.5857115,3.97E-25
238.0026639,3.84E-25
239.4196163,3.77E-25
240.8365687,3.68E-25
242.2535211,3.62E-25
243.6704735,3.50E-25
245.087426,3.40E-25
246.5043784,3.30E-25
247.9213308,3.21E-25
249.3382832,3.15E-25
250.7552356,3.08E-25
252.1721881,3.01E-25
253.5891405,2.92E-25
255.0060929,2.86E-25
256.4230453,2.78E-25
257.8399977,2.68E-25
259.2569502,2.62E-25
260.6739026,2.55E-25
262.090855,2.47E-25
263.5078074,2.42E-25
264.9247598,2.36E-25
266.3417122,2.31E-25
267.7586647,2.24E-25
269.1756171,2.19E-25
270.5925695,2.13E-25
272.0095219,2.07E-25
273.4264743,2.01E-25
274.8434268,1.99E-25
276.2603792,1.92E-25
277.6773316,1.91E-25
279.094284,1.85E-25
280.5112364,1.83E-25
281.9281889,1.81E-25
283.3451413,1.76E-25
284.7620937,1.73E-25
286.1790461,1.68E-25
287.5959985,1.66E-25
289.0129509,1.63E-25
290.4299034,1.60E-25
291.8468558,1.57E-25
293.2638082,1.53E-25
294.6807606,1.50E-25
296.097713,1.45E-25
297.5146655,1.40E-25
298.9316179,1.37E-25
300.3485703,1.35E-25
301.7655227,1.31E-25
303.1824751,1.28E-25
304.5994276,1.24E-25
306.01638,1.20E-25
307.4333324,1.17E-25
308.8502848,1.14E-25
310.2672372,1.11E-25
311.6841896,1.08E-25
312.8772636,1.05E-25
314.4118231,9.76E-26
315.9350469,9.75E-26
317.1748803,9.58E-26
,
,
,
,
,
,
,
,
,
,
,
